<?xml version="1.0" encoding="utf-8"?>
<Patch>
	<Operation Class="PatchOperationSequence">
		<success>Always</success>
		<operations>
			<li Class="PatchOperationConditional">
				<xpath>/Defs/ThingDef[defName="Radio_Industrial"]/tickerType</xpath>
				<match Class="PatchOperationReplace">
					<xpath>/Defs/ThingDef[defName="Radio_Industrial"]/tickerType</xpath>
					<value>
						<tickerType>Normal</tickerType>
					</value>
				</match>
				<nomatch Class="PatchOperationAdd">
					<xpath>/Defs/ThingDef[defName="Radio_Industrial"]</xpath>
					<value>
						<tickerType>Normal</tickerType>
					</value>
				</nomatch>
			</li>
			<li Class="PatchOperationConditional">
				<xpath>/Defs/ThingDef[defName="Radio_Spacer"]/tickerType</xpath>
				<match Class="PatchOperationReplace">
					<xpath>/Defs/ThingDef[defName="Radio_Spacer"]/tickerType</xpath>
					<value>
						<tickerType>Normal</tickerType>
					</value>
				</match>
				<nomatch Class="PatchOperationAdd">
					<xpath>/Defs/ThingDef[defName="Radio_Spacer"]</xpath>
					<value>
						<tickerType>Normal</tickerType>
					</value>
				</nomatch>
			</li>
			<li Class="PatchOperationAdd">
				<xpath>/Defs/ThingDef[defName="Radio_Industrial"]/comps</xpath>
				<value>
					<li Class="TVPropaganda.CompProperties_TVPropaganda">
						<TVeffectRadius>5</TVeffectRadius>
						<TVeffectFactor>0.7</TVeffectFactor>
					</li>
				</value>
			</li>
			<li Class="PatchOperationAdd">
				<xpath>/Defs/ThingDef[defName="Radio_Spacer"]/comps</xpath>
				<value>
					<li Class="TVPropaganda.CompProperties_TVPropaganda">
						<TVeffectRadius>8</TVeffectRadius>
						<TVeffectFactor>0.95</TVeffectFactor>
					</li>
				</value>
			</li>
		</operations>
	</Operation>
</Patch>