<!-- Put LoadFolders.xml in root of mod, not in About. -->
<loadFolders>
	<v1.3>
		<li>/</li>
		<li IfModActive="VanillaExpanded.VFECore">Mods/VFE</li>
		<li IfModActive="VanillaExpanded.VFESpacer">Mods/VFESpacer</li>
		<li IfModActive="Arcjc007.WallStuff">Mods/WallStuff</li>
	</v1.3>	
	<v1.4>
		<li>/</li>
		<li>1.4</li>
		<li IfModActive="VanillaExpanded.VFECore">Mods/VFE</li>
		<li IfModActive="VanillaExpanded.VFESpacer">Mods/VFESpacer</li>
		<li IfModActive="Arcjc007.WallStuff">Mods/WallStuff</li>
	</v1.4>	
</loadFolders>