﻿<?xml version="1.0" encoding="utf-8"?>
<Patch>
  <Operation Class="PatchOperationSequence">
    <success>Always</success>
    <operations>
      <li Class="PatchOperationConditional">
        <xpath>/Defs/ThingDef[defName="TubeTelevision"]/tickerType</xpath>
        <match Class="PatchOperationReplace">
          <xpath>/Defs/ThingDef[defName="TubeTelevision"]/tickerType</xpath>
          <value>
            <tickerType>Normal</tickerType>
          </value>
        </match>
        <nomatch Class="PatchOperationAdd">
          <xpath>/Defs/ThingDef[defName="TubeTelevision"]</xpath>
          <value>
            <tickerType>Normal</tickerType>
          </value>
        </nomatch>
      </li>
      <li Class="PatchOperationConditional">
        <xpath>/Defs/ThingDef[defName="FlatscreenTelevision"]/tickerType</xpath>
        <match Class="PatchOperationReplace">
          <xpath>/Defs/ThingDef[defName="FlatscreenTelevision"]/tickerType</xpath>
          <value>
            <tickerType>Normal</tickerType>
          </value>
        </match>
        <nomatch Class="PatchOperationAdd">
          <xpath>/Defs/ThingDef[defName="FlatscreenTelevision"]</xpath>
          <value>
            <tickerType>Normal</tickerType>
          </value>
        </nomatch>
      </li>
      <li Class="PatchOperationConditional">
        <xpath>/Defs/ThingDef[defName="MegascreenTelevision"]/tickerType</xpath>
        <match Class="PatchOperationReplace">
          <xpath>/Defs/ThingDef[defName="MegascreenTelevision"]/tickerType</xpath>
          <value>
            <tickerType>Normal</tickerType>
          </value>
        </match>
        <nomatch Class="PatchOperationAdd">
          <xpath>/Defs/ThingDef[defName="MegascreenTelevision"]</xpath>
          <value>
            <tickerType>Normal</tickerType>
          </value>
        </nomatch>
      </li>
      <li Class="PatchOperationAdd">
        <xpath>/Defs/ThingDef[defName="TubeTelevision"]/comps</xpath>
        <value>
          <li Class="TVPropaganda.CompProperties_TVPropaganda">
            <TVeffectRadius>10</TVeffectRadius>
            <TVeffectFactor>0.7</TVeffectFactor>
          </li>
        </value>
      </li>
      <li Class="PatchOperationAdd">
        <xpath>/Defs/ThingDef[defName="FlatscreenTelevision"]/comps</xpath>
        <value>
          <li Class="TVPropaganda.CompProperties_TVPropaganda">
            <TVeffectRadius>12</TVeffectRadius>
            <TVeffectFactor>0.85</TVeffectFactor>
          </li>
        </value>
      </li>
      <li Class="PatchOperationAdd">
        <xpath>/Defs/ThingDef[defName="MegascreenTelevision"]/comps</xpath>
        <value>
          <li Class="TVPropaganda.CompProperties_TVPropaganda">
            <TVeffectRadius>14</TVeffectRadius>
            <TVeffectFactor>1.0</TVeffectFactor>
          </li>
        </value>
      </li>
    </operations>
  </Operation>
</Patch>